"","contrast","phase","group","estimate","SE","df","asymp.LCL","asymp.UCL","roi"
"2","(CS+) - (CS-)","conditioning","healthy",0.229016518660003,0.0266419679250917,Inf,0.176799221049552,0.281233816270454,"ant_ins"
"3","(CS+) - (CS-)","extinction","healthy",0.124779157480688,0.0266414976644102,Inf,0.0725627815642364,0.17699553339714,"ant_ins"
"5","(CS+) - (CS-)","conditioning","ptsd",0.20169957943912,0.0266654431110394,Inf,0.149436271309681,0.253962887568559,"ant_ins"
"6","(CS+) - (CS-)","extinction","ptsd",0.0810689186804446,0.0267721358396684,Inf,0.0285964966454806,0.133541340715409,"ant_ins"
"8","(CS+) - (CS-)","conditioning","healthy",0.0734992256380892,0.0369080994778925,Inf,0.00116067992359827,0.14583777135258,"precun"
"9","(CS+) - (CS-)","extinction","healthy",0.1354223536461,0.0369075302532537,Inf,0.0630849235914,0.2077597837008,"precun"
"11","(CS+) - (CS-)","conditioning","ptsd",0.0490002821888431,0.0369406361520223,Inf,-0.0234020342351188,0.121402598612805,"precun"
"12","(CS+) - (CS-)","extinction","ptsd",0.165276199878075,0.0370884530941185,Inf,0.0925841675712997,0.237968232184851,"precun"
