"","tail","body","head","bla","cem"
"1",-0.0602102634036051,0.0395456900510632,0.0912544372529054,-0.0188192508308153,-0.0644986926817898
"2",-0.114968108854548,-0.0266545466952793,0.0376810461706128,-0.0768202125738602,-0.107874108434034
"3",-0.00545241795266244,0.105745926797406,0.144827828335198,0.0391817109122295,-0.0211232769295457
