"","tail","body","head","bla","cem"
"1",-0.0602102634049624,0.0395456900509321,0.0912544372492665,-0.0188192518665785,-0.0644986929345752
"2",-0.114968108855786,-0.0266545466954021,0.0376810461671407,-0.0768202134410599,-0.107874108558346
"3",-0.00545241795413846,0.105745926797266,0.144827828331392,0.0391817097079029,-0.0211232773108046
