"","condition","ev.trend","asymp.LCL","asymp.UCL"
"1","CS-",0.0479400999712392,-0.0213407697985146,0.117220969740993
"2","CS+",0.138680421632699,0.0691723409076734,0.208188502357724
