"","contrast","phase","roi","group","estimate","SE","df","asymp.LCL","asymp.UCL"
"1","(CS+) - (CS-)","conditioning","dACC","healthy",0.098153641950187,0.010565155342755,Inf,0.0774463179873164,0.118860965913058
"2","(CS+) - (CS-)","extinction","dACC","healthy",0.0577691007552842,0.010564998856556,Inf,0.0370620834997277,0.0784761180108408
"3","(CS+) - (CS-)","conditioning","vmPFC","healthy",0.0886411910172454,0.010565155342755,Inf,0.0679338670543747,0.109348514980116
"4","(CS+) - (CS-)","extinction","vmPFC","healthy",0.0441365778764713,0.010564998856556,Inf,0.0234295606209147,0.0648435951320278
"5","(CS+) - (CS-)","conditioning","dACC","ptsd",0.12670965053554,0.0105744592516434,Inf,0.105984091246333,0.147435209824748
"6","(CS+) - (CS-)","extinction","dACC","ptsd",0.0789648640290459,0.0106167702946745,Inf,0.0581563766193493,0.0997733514387426
"7","(CS+) - (CS-)","conditioning","vmPFC","ptsd",0.0387556694402756,0.0105744592516434,Inf,0.0180301101510682,0.059481228729483
"8","(CS+) - (CS-)","extinction","vmPFC","ptsd",0.0350160570643345,0.0106167702946745,Inf,0.0142075696546379,0.0558245444740311
