"","tail","body","head","bla","cem"
"1",-0.001802688213692,-0.00249261790256605,-0.00169753789659606,-0.00144603350798865,-0.000687908268177502
"2",-0.00227836725364033,-0.00308197392612939,-0.00218224537305607,-0.00199339048878663,-0.000992847597334083
"3",-0.00132700917374368,-0.00190326187900271,-0.00121283042013605,-0.000898676527190671,-0.000382968939020922
